model,k,S,seed,auroc,bal_acc,pos_rate,dt_cv,seconds
lti,3,2,0,0.6421525415529153,0.5957232766532419,0.03261878713965416,,58.61371994018555
lti,3,2,1,0.639555713140455,0.5951851282367606,0.03198642283678055,,88.32213377952576
lti,3,2,2,0.6369555672396366,0.5926463293650794,0.031762294471263885,,91.28322958946228
lti,3,4,0,0.7518233940244496,0.6788998407485767,0.03261878713965416,,59.07977533340454
lti,3,4,1,0.703161799711927,0.6451636782153105,0.03198642283678055,,94.98715782165527
lti,3,4,2,0.7052773731685494,0.6449086074842123,0.031762294471263885,,94.5904483795166
lti,3,8,0,0.8254238777840889,0.7461021717861465,0.03261878713965416,,64.96106314659119
lti,3,8,1,0.9719535030515581,0.9370594339915942,0.03198642283678055,,109.20318722724915
lti,3,8,2,0.8557863828285011,0.7725195745861069,0.031762294471263885,,104.4667820930481
lti,3,12,0,0.986493229441294,0.9620322636043311,0.03261878713965416,,98.28253674507141
lti,3,12,1,0.9893085623578793,0.9700131530995157,0.03198642283678055,,177.59318280220032
lti,3,12,2,0.9958401608536279,0.9826315550861922,0.031762294471263885,,167.19935631752014
lti,3,16,0,0.9928424183535045,0.9723328523792455,0.03261878713965416,,110.04473900794983
lti,3,16,1,0.9977619124267654,0.9891722503438178,0.03198642283678055,,187.15582060813904
lti,3,16,2,0.9975425885590011,0.987938561401263,0.031762294471263885,,160.68717193603516
lti,3,24,0,0.9990514400220234,0.993587368399037,0.03261878713965416,,144.3732078075409
lti,3,24,1,0.99965108329313,0.9965361120721158,0.03198642283678055,,200.76510500907898
lti,3,24,2,0.999371334765425,0.9951247546509643,0.031762294471263885,,212.35870885849
lti,3,32,0,0.9996357243619853,0.9959153438906334,0.03261878713965416,,155.73878002166748
lti,3,32,1,0.999860014895324,0.998147719379486,0.03198642283678055,,231.43522095680237
lti,3,32,2,0.9998014956290536,0.9970966141833078,0.031762294471263885,,244.4396688938141
lti,3,48,0,0.999935172472119,0.9989795157012482,0.03261878713965416,,199.51718544960022
lti,3,48,1,0.9999327296734104,0.9985951204404551,0.03198642283678055,,268.0391502380371
lti,3,48,2,0.999968343807337,0.9993055555555556,0.031762294471263885,,269.28221917152405
lti,3,64,0,0.9999805127549624,0.9995449016573854,0.03261878713965416,,261.24857664108276
lti,3,64,1,0.9999781083799375,0.9992949487045342,0.03198642283678055,,306.970294713974
lti,3,64,2,0.9999780694297769,0.9993159562211982,0.031762294471263885,,322.1953275203705
lti,4,2,0,0.6051343963729198,0.570637552462177,0.03382975235581398,,58.96844124794006
lti,4,2,1,0.6222341495534475,0.5862332378441191,0.0352376289665699,,87.43056654930115
lti,4,2,2,0.6180628523640603,0.5778895899737788,0.03481445461511612,,88.3298921585083
lti,4,4,0,0.7147483314393678,0.6545335967413031,0.03382975235581398,,62.8810601234436
lti,4,4,1,0.6743238944793857,0.6239821632251912,0.0352376289665699,,93.6544075012207
lti,4,4,2,0.6898854000674005,0.6341536922917297,0.03481445461511612,,100.01475763320923
lti,4,8,0,0.7704513886652316,0.6979405373773591,0.03382975235581398,,66.26417660713196
lti,4,8,1,0.8047304486564463,0.7262687419093103,0.0352376289665699,,83.54779291152954
lti,4,8,2,0.8118973705347208,0.7346285902101228,0.03481445461511612,,105.12134408950806
lti,4,12,0,0.975278364748629,0.9446668705212624,0.03382975235581398,,76.90549325942993
lti,4,12,1,0.9852206463200938,0.9638572804762707,0.0352376289665699,,164.74305891990662
lti,4,12,2,0.9894489026076969,0.9693171592105533,0.03481445461511612,,164.50654935836792
lti,4,16,0,0.9800861408421802,0.9437732355857618,0.03382975235581398,,74.91744422912598
lti,4,16,1,0.9971175491383081,0.9862300819272132,0.0352376289665699,,168.03280305862427
lti,4,16,2,0.9950947255331374,0.9797688004476083,0.03481445461511612,,139.92052030563354
lti,4,24,0,0.9950353200446405,0.9780679657554834,0.03382975235581398,,133.9641833305359
lti,4,24,1,0.9984072983500594,0.9897841995708343,0.0352376289665699,,178.19401931762695
lti,4,24,2,0.9990084480299589,0.9942857312468187,0.03481445461511612,,212.73737573623657
lti,4,32,0,0.998921187425457,0.9923789081017766,0.03382975235581398,,152.1424162387848
lti,4,32,1,0.9994488366452603,0.9952128636731561,0.0352376289665699,,201.79749417304993
lti,4,32,2,0.9996681812178421,0.9963633896843056,0.03481445461511612,,212.76299405097961
lti,4,48,0,0.9999025087579464,0.9977135076994101,0.03382975235581398,,195.126038312912
lti,4,48,1,0.9998863304965796,0.9979159162435238,0.0352376289665699,,251.21069478988647
lti,4,48,2,0.9998635616542507,0.9979262794444479,0.03481445461511612,,256.89989829063416
lti,4,64,0,0.9999510061678716,0.9984402404246889,0.03382975235581398,,237.02300548553467
lti,4,64,1,0.9999727558654761,0.9991996731093477,0.0352376289665699,,288.24399852752686
lti,4,64,2,0.9999366943104402,0.9987207323429217,0.03481445461511612,,288.7965054512024
lti,5,2,0,0.5909033466855089,0.561596374389945,0.040485963225364685,,57.511359453201294
lti,5,2,1,0.5870264951802558,0.5544650778372274,0.040808726102113724,,88.43228197097778
lti,5,2,2,0.6012284058425523,0.5709509759590434,0.041950806975364685,,89.41847896575928
lti,5,4,0,0.6819549694480651,0.6257020894022637,0.040485963225364685,,61.683239698410034
lti,5,4,1,0.6672035172865374,0.6207728306701015,0.040808726102113724,,92.50059247016907
lti,5,4,2,0.6699843976675177,0.6184845711849695,0.041950806975364685,,91.91289520263672
lti,5,8,0,0.7419422260167557,0.6748770933622165,0.040485963225364685,,62.82022786140442
lti,5,8,1,0.8209107689374776,0.7425584541115413,0.040808726102113724,,89.60508871078491
lti,5,8,2,0.7630979244713598,0.6923495856350491,0.041950806975364685,,90.01918625831604
lti,5,12,0,0.8366602290693399,0.7593650485469758,0.040485963225364685,,68.76550960540771
lti,5,12,1,0.9802220767820065,0.9548851413726298,0.040808726102113724,,132.6816689968109
lti,5,12,2,0.8986941396670285,0.822969641444034,0.041950806975364685,,103.76219439506531
lti,5,16,0,0.8930757968814331,0.808759944488726,0.040485963225364685,,73.44042944908142
lti,5,16,1,0.9885778677982804,0.9664339481290503,0.040808726102113724,,147.95197987556458
lti,5,16,2,0.9194614965668346,0.8447157873846469,0.041950806975364685,,108.83432745933533
lti,5,24,0,0.9936362747754464,0.9752984422117003,0.040485963225364685,,131.42216730117798
lti,5,24,1,0.9982125039333013,0.9903039298861331,0.040808726102113724,,167.96703600883484
lti,5,24,2,0.9985844371966509,0.9920713028071941,0.041950806975364685,,195.49933242797852
lti,5,32,0,0.9984314126304651,0.9909811140930452,0.040485963225364685,,135.03729486465454
lti,5,32,1,0.9985082934060443,0.9904419393686313,0.040808726102113724,,199.87186336517334
lti,5,32,2,0.9990876012527599,0.9927219866477528,0.041950806975364685,,194.80859875679016
lti,5,48,0,0.9997351821246815,0.9967198579184458,0.040485963225364685,,190.41543912887573
lti,5,48,1,0.9997359003817394,0.9963070750993787,0.040808726102113724,,227.02686762809753
lti,5,48,2,0.9997315639239098,0.9960283640301983,0.041950806975364685,,239.59262037277222
lti,5,64,0,0.9999021718877628,0.9983133527915233,0.040485963225364685,,229.16079473495483
lti,5,64,1,0.9999631536107508,0.998511582074892,0.040808726102113724,,279.06628489494324
lti,5,64,2,0.9998694757080739,0.9972168377079594,0.041950806975364685,,267.41756296157837
lti,6,2,0,0.5827594069747868,0.5563204269565869,0.04317079856991768,,46.551613092422485
lti,6,2,1,0.5912715084431646,0.5630899329815616,0.04093143716454506,,85.52613067626953
lti,6,2,2,0.5894720997589122,0.5596430798430903,0.04166385903954506,,80.8958466053009
lti,6,4,0,0.6579010051899226,0.6086923131320974,0.04317079856991768,,61.03816056251526
lti,6,4,1,0.6349421740571722,0.5929792863608261,0.04093143716454506,,89.40518188476562
lti,6,4,2,0.6483295370232337,0.6023033651906715,0.04166385903954506,,87.33817911148071
lti,6,8,0,0.7131227254351665,0.6563085867560838,0.04317079856991768,,63.78248739242554
lti,6,8,1,0.7662554678578026,0.6958154020253785,0.04093143716454506,,92.64460611343384
lti,6,8,2,0.7278489532485536,0.6662841672013735,0.04166385903954506,,95.19030928611755
lti,6,12,0,0.8319070216616646,0.7516066970897319,0.04317079856991768,,67.48906397819519
lti,6,12,1,0.9697963524676229,0.9369831051492498,0.04093143716454506,,104.31474900245667
lti,6,12,2,0.8833835858838733,0.8037158664355253,0.04166385903954506,,101.66012144088745
lti,6,16,0,0.880576422509635,0.8032667162602602,0.04317079856991768,,71.5561957359314
lti,6,16,1,0.9774220243976641,0.9450437470870956,0.04093143716454506,,111.68262958526611
lti,6,16,2,0.8955231976872582,0.8158254206966489,0.04166385903954506,,110.15129232406616
lti,6,24,0,0.988892677847608,0.9613609414159068,0.04317079856991768,,96.34851241111755
lti,6,24,1,0.9946666276841102,0.9788160335384597,0.04093143716454506,,165.42191243171692
lti,6,24,2,0.9966276390776379,0.9849825154246259,0.04166385903954506,,172.2174162864685
lti,6,32,0,0.997057979208026,0.9847481375499125,0.04317079856991768,,112.82159686088562
lti,6,32,1,0.9978610705307609,0.9887841396977679,0.04093143716454506,,203.9079794883728
lti,6,32,2,0.9981703479589853,0.9885885693670466,0.04166385903954506,,170.70680832862854
lti,6,48,0,0.9993295654610728,0.9933764125746278,0.04317079856991768,,166.38176345825195
lti,6,48,1,0.9993855408845231,0.9942271423292494,0.04093143716454506,,228.93420577049255
lti,6,48,2,0.9994278017382253,0.9946720705453986,0.04166385903954506,,242.50655555725098
lti,6,64,0,0.9998189105434282,0.996597301246875,0.04317079856991768,,198.618994474411
lti,6,64,1,0.9997634488935038,0.9964674080299633,0.04093143716454506,,265.3548171520233
lti,6,64,2,0.9997396965541695,0.9963191700777722,0.04166385903954506,,265.47213530540466
lti,8,2,0,0.5528469388847839,0.5343622545286605,0.0420968197286129,,58.79540205001831
lti,8,2,1,0.5539668349852397,0.5338617505747583,0.0423409603536129,,93.44536805152893
lti,8,2,2,0.56151349240722,0.5451949871112096,0.0414515919983387,,89.99156093597412
lti,8,4,0,0.6294926483220114,0.5871438620909553,0.0420968197286129,,62.96345829963684
lti,8,4,1,0.616733553929842,0.5811558551667888,0.0423409603536129,,96.35763955116272
lti,8,4,2,0.620524496592628,0.5829264568340576,0.0414515919983387,,94.67959856987
lti,8,8,0,0.6816203280336758,0.6312447747385352,0.0420968197286129,,63.77842569351196
lti,8,8,1,0.68758034773912,0.6333165431751809,0.0423409603536129,,99.77418112754822
lti,8,8,2,0.6995347302082248,0.6416946144280442,0.0414515919983387,,101.7380759716034
lti,8,12,0,0.7358394961818544,0.6757065481095093,0.0420968197286129,,69.51596808433533
lti,8,12,1,0.7635072981164104,0.6923878304837714,0.0423409603536129,,107.43087410926819
lti,8,12,2,0.8300412534207333,0.7515148761111947,0.0414515919983387,,104.29877376556396
lti,8,16,0,0.8393196315533621,0.761742047685606,0.0420968197286129,,72.17921900749207
lti,8,16,1,0.9623702736412286,0.9208886032080388,0.0423409603536129,,145.0792200565338
lti,8,16,2,0.8239172994751837,0.7447084095487315,0.0414515919983387,,108.56904125213623
lti,8,24,0,0.9727673720006076,0.9324185100536935,0.0420968197286129,,96.26726984977722
lti,8,24,1,0.9835411257276802,0.9538819239640282,0.0423409603536129,,135.61026668548584
lti,8,24,2,0.9744176046301664,0.9342699282322291,0.0414515919983387,,124.78453397750854
lti,8,32,0,0.9863999632129526,0.9583570209339265,0.0420968197286129,,108.1151750087738
lti,8,32,1,0.9955189649838729,0.980273061640465,0.0423409603536129,,187.58575201034546
lti,8,32,2,0.9883904393196211,0.960723741775566,0.0414515919983387,,134.40940475463867
lti,8,48,0,0.9965412766055646,0.9795125934928706,0.0420968197286129,,144.84225511550903
lti,8,48,1,0.997276441701647,0.9840192878672991,0.0423409603536129,,211.07847547531128
lti,8,48,2,0.9982900341803737,0.9884306056919806,0.0414515919983387,,219.10726284980774
lti,8,64,0,0.998374765518395,0.9870850993453897,0.0420968197286129,,166.4794843196869
lti,8,64,1,0.9988859333073978,0.9900782795062293,0.0423409603536129,,232.04079961776733
lti,8,64,2,0.9990433526570985,0.9909059502324717,0.0414515919983387,,242.51986837387085
lti,10,2,0,0.5470669397762496,0.5325063580345251,0.04213686287403107,,58.312509298324585
lti,10,2,1,0.5545083734812446,0.538699143984382,0.0409613698720932,,87.23669099807739
lti,10,2,2,0.5568131397935712,0.5367969971370219,0.04189272224903107,,88.13120651245117
lti,10,4,0,0.5923717401348569,0.5603329222941464,0.04213686287403107,,62.40678572654724
lti,10,4,1,0.6034911543054725,0.5732180827383109,0.0409613698720932,,100.68915009498596
lti,10,4,2,0.5934065407569088,0.5648294098955766,0.04189272224903107,,100.31635904312134
lti,10,8,0,0.6602367819893854,0.6139464315840155,0.04213686287403107,,64.32463955879211
lti,10,8,1,0.6732175790552429,0.622258347953671,0.0409613698720932,,102.35054731369019
lti,10,8,2,0.6881998575183267,0.636576365797483,0.04189272224903107,,100.0253541469574
lti,10,12,0,0.7111527311471494,0.6487573694939778,0.04213686287403107,,68.4764335155487
lti,10,12,1,0.7191910054858579,0.6580089229328692,0.0409613698720932,,107.55376839637756
lti,10,12,2,0.8033995885995325,0.7263293985074969,0.04189272224903107,,108.18496942520142
lti,10,16,0,0.7807749310878677,0.7075172646992427,0.04213686287403107,,73.15495157241821
lti,10,16,1,0.9514481658297826,0.9046401636129111,0.0409613698720932,,110.05581498146057
lti,10,16,2,0.8342667033119545,0.7592446289640878,0.04189272224903107,,113.39074993133545
lti,10,24,0,0.9392972801889754,0.8782830478828512,0.04213686287403107,,86.564462184906
lti,10,24,1,0.9640749529524631,0.9174523685446511,0.0409613698720932,,134.82368779182434
lti,10,24,2,0.974419419121887,0.9395565072087726,0.04189272224903107,,132.36655116081238
lti,10,32,0,0.9707388629259129,0.928293934290019,0.04213686287403107,,115.76108884811401
lti,10,32,1,0.9828133388430433,0.9460119977306789,0.0409613698720932,,141.22750520706177
lti,10,32,2,0.9701523206035366,0.9223480095041099,0.04189272224903107,,141.04889297485352
lti,10,48,0,0.9858635728580599,0.9500578960768257,0.04213686287403107,,112.58571672439575
lti,10,48,1,0.9909860316197244,0.9627648316659967,0.0409613698720932,,173.33567810058594
lti,10,48,2,0.9931924012645081,0.9706697016111452,0.04189272224903107,,202.84187173843384
lti,10,64,0,0.9968561660496758,0.9816223833930877,0.04213686287403107,,154.13305473327637
lti,10,64,1,0.9963134749415384,0.9775124845757467,0.0409613698720932,,195.8642771244049
lti,10,64,2,0.9957499861476095,0.9748353554693309,0.04189272224903107,,206.3498215675354
lti,12,2,0,0.5425439622502906,0.5248618414013126,0.042799729853868484,,58.13072967529297
lti,12,2,1,0.5576889817433771,0.5395055804176243,0.042161207646131516,,93.56899833679199
lti,12,2,2,0.5389824160215589,0.5266450983243625,0.04095928370952606,,92.70573163032532
lti,12,4,0,0.586232147011109,0.5589203483096966,0.042799729853868484,,60.717684507369995
lti,12,4,1,0.5827715732866406,0.5597178112628599,0.042161207646131516,,93.19601702690125
lti,12,4,2,0.5896236217333923,0.5605760350596941,0.04095928370952606,,100.77709579467773
lti,12,8,0,0.6601826501479864,0.6096174049509363,0.042799729853868484,,62.93748140335083
lti,12,8,1,0.6397797836862472,0.5970295471941975,0.042161207646131516,,103.1753671169281
lti,12,8,2,0.6478599865482255,0.6064907743580061,0.04095928370952606,,102.58203530311584
lti,12,12,0,0.6935700279526179,0.6372956646052939,0.042799729853868484,,69.20734906196594
lti,12,12,1,0.6886033932149587,0.633451669968145,0.042161207646131516,,107.97618174552917
lti,12,12,2,0.7178104778192025,0.657096651900529,0.04095928370952606,,110.88616752624512
lti,12,16,0,0.784876379658661,0.7089573181010463,0.042799729853868484,,72.18294501304626
lti,12,16,1,0.7441666779110377,0.6763894123525727,0.042161207646131516,,114.7795467376709
lti,12,16,2,0.7544815799567177,0.6847915685596738,0.04095928370952606,,116.96401166915894
lti,12,24,0,0.839380646424638,0.7594934220441887,0.042799729853868484,,80.23322176933289
lti,12,24,1,0.8892438551258633,0.8150046045153814,0.042161207646131516,,127.21085333824158
lti,12,24,2,0.8702861113485177,0.7908696078145381,0.04095928370952606,,129.73695349693298
lti,12,32,0,0.8693864098501192,0.789071521426815,0.042799729853868484,,90.76936388015747
lti,12,32,1,0.9592516611211175,0.9045715857493338,0.042161207646131516,,145.02481889724731
lti,12,32,2,0.957056211819865,0.9031178457314669,0.04095928370952606,,147.70235681533813
lti,12,48,0,0.9721141853158711,0.9212872284145976,0.042799729853868484,,115.0621862411499
lti,12,48,1,0.9824109193629249,0.9458937958451022,0.042161207646131516,,183.22520637512207
lti,12,48,2,0.9759957356414841,0.9267747182956156,0.04095928370952606,,168.95087242126465
lti,12,64,0,0.9914339262615738,0.962227937447218,0.042799729853868484,,132.46126198768616
lti,12,64,1,0.9918921599746938,0.9645627007311286,0.042161207646131516,,189.59506583213806
lti,12,64,2,0.9946678077806765,0.9737462701834642,0.04095928370952606,,205.36398243904114
lti,14,2,0,0.5358820519460074,0.5249049575651817,0.04135742038488388,,57.37613654136658
lti,14,2,1,0.5317542646121372,0.520691556050811,0.03970703110098839,,84.30273056030273
lti,14,2,2,0.5291279032764538,0.5219118862428078,0.041777342557907104,,92.17091941833496
lti,14,4,0,0.579166958072604,0.5529387218866435,0.04135742038488388,,60.4506618976593
lti,14,4,1,0.577550190802478,0.5533333641467337,0.03970703110098839,,93.0404543876648
lti,14,4,2,0.5776993575628947,0.5550493551744206,0.041777342557907104,,93.28622007369995
lti,14,8,0,0.6461194008040458,0.6032282766570585,0.04135742038488388,,62.84995985031128
lti,14,8,1,0.638229539644496,0.5954080069881591,0.03970703110098839,,102.77186965942383
lti,14,8,2,0.6421778727742155,0.5982712684085575,0.041777342557907104,,104.33827996253967
lti,14,12,0,0.6705137574371656,0.6210897597838879,0.04135742038488388,,69.96101903915405
lti,14,12,1,0.6651016885733436,0.6170281043523018,0.03970703110098839,,109.19906115531921
lti,14,12,2,0.7155447704334337,0.649906325410184,0.041777342557907104,,109.81260347366333
lti,14,16,0,0.7377204428536369,0.6721492215687981,0.04135742038488388,,74.03114676475525
lti,14,16,1,0.7186088683107397,0.653876106680034,0.03970703110098839,,110.64836359024048
lti,14,16,2,0.7807037315530878,0.7099503714827575,0.041777342557907104,,112.19300293922424
lti,14,24,0,0.8310878095941278,0.7521962365968051,0.04135742038488388,,70.0700523853302
lti,14,24,1,0.8005485130428373,0.7228254195467066,0.03970703110098839,,118.85888814926147
lti,14,24,2,0.8281285348570321,0.747105339062355,0.041777342557907104,,119.43647885322571
lti,14,32,0,0.8861436209220783,0.808247835382576,0.04135742038488388,,91.23762059211731
lti,14,32,1,0.9436777235051752,0.8818410463526483,0.03970703110098839,,134.67251467704773
lti,14,32,2,0.9304066793264845,0.8635173728588292,0.041777342557907104,,138.15776181221008
lti,14,48,0,0.9140708289918108,0.8352651437226111,0.04135742038488388,,110.45620846748352
lti,14,48,1,0.9507116649959901,0.8852322061341257,0.03970703110098839,,165.64648127555847
lti,14,48,2,0.95855254479499,0.8993141453628646,0.041777342557907104,,166.6498212814331
lti,14,64,0,0.9827023736810135,0.942023456278676,0.04135742038488388,,133.64274859428406
lti,14,64,1,0.986758566432956,0.9512071154624435,0.03970703110098839,,209.7520670890808
lti,14,64,2,0.9704575013660709,0.9157601399919282,0.041777342557907104,,193.30966901779175
lti,16,2,0,0.5307347140321538,0.5183674889465619,0.042327880859375,,57.52301907539368
lti,16,2,1,0.5441812789916535,0.5294110916083964,0.0399882011115551,,82.6652762889862
lti,16,2,2,0.53801217841615,0.5264353635308993,0.0412190742790699,,90.96067476272583
lti,16,4,0,0.5665327432223474,0.5442663192714214,0.042327880859375,,60.797861099243164
lti,16,4,1,0.565932012938381,0.5439959497252284,0.0399882011115551,,89.98991537094116
lti,16,4,2,0.5724241781887451,0.552907824894376,0.0412190742790699,,92.68371033668518
lti,16,8,0,0.6181138255870309,0.5859570111556427,0.042327880859375,,63.909668922424316
lti,16,8,1,0.6280594043354808,0.5912930198122157,0.0399882011115551,,101.42361807823181
lti,16,8,2,0.6526132720837156,0.6078782976590158,0.0412190742790699,,100.91134595870972
lti,16,12,0,0.6553492820979976,0.608645880190501,0.042327880859375,,67.6690731048584
lti,16,12,1,0.6624270628650668,0.6142032264934806,0.0399882011115551,,104.41865968704224
lti,16,12,2,0.7017079461923484,0.6421681584212771,0.0412190742790699,,106.23158645629883
lti,16,16,0,0.7262561855162822,0.6612077336429576,0.042327880859375,,71.8952260017395
lti,16,16,1,0.6957022023567868,0.6382107530070946,0.0399882011115551,,115.64787530899048
lti,16,16,2,0.7293781716185536,0.6661294882355043,0.0412190742790699,,113.56685471534729
lti,16,24,0,0.7953452711110456,0.7165458365845923,0.042327880859375,,82.19957232475281
lti,16,24,1,0.7800256586696096,0.7069199675994623,0.0399882011115551,,125.88077187538147
lti,16,24,2,0.7640165315357342,0.6921421805121462,0.0412190742790699,,126.18443965911865
lti,16,32,0,0.8455453299409985,0.7642585573752598,0.042327880859375,,91.34762191772461
lti,16,32,1,0.8684705525695312,0.7883826692958056,0.0399882011115551,,135.09530234336853
lti,16,32,2,0.9161192920920785,0.8463932506830212,0.0412190742790699,,136.90037274360657
lti,16,48,0,0.9119368033141624,0.8309869281756026,0.042327880859375,,110.2403814792633
lti,16,48,1,0.9146490685408781,0.8359307446498845,0.0399882011115551,,162.6318027973175
lti,16,48,2,0.8890830787841077,0.8056850302264593,0.0412190742790699,,163.64649891853333
lti,16,64,0,0.9634019305227737,0.9031339375637735,0.042327880859375,,131.14554524421692
lti,16,64,1,0.9607219319912984,0.9018594029623619,0.0399882011115551,,191.3879897594452
lti,16,64,2,0.9389185417271435,0.8660372966652296,0.0412190742790699,,191.6234471797943
selective,3,2,0,0.6553288350766756,0.6070339299292722,0.03261878713965416,,59.465153217315674
selective,3,2,1,0.642711241489894,0.599950084871363,0.03198642283678055,0.08534330874681473,84.79615879058838
selective,3,2,2,0.6285745037682412,0.5828971720856801,0.031762294471263885,0.3758828043937683,88.74703121185303
selective,3,4,0,0.7517926290719055,0.6820447454314904,0.03261878713965416,,62.35452675819397
selective,3,4,1,0.7072338852264761,0.6478313187331479,0.03198642283678055,0.03635035827755928,88.79134035110474
selective,3,4,2,0.7037066413917157,0.6440790877282814,0.031762294471263885,0.14250008761882782,93.46304249763489
selective,3,8,0,0.8316603525684679,0.7540249125858374,0.03261878713965416,,66.40489530563354
selective,3,8,1,0.971844868551282,0.93672996914488,0.03198642283678055,0.03972781077027321,99.02780032157898
selective,3,8,2,0.854970782713427,0.7736541805342209,0.031762294471263885,0.009823453612625599,96.01738286018372
selective,3,12,0,0.983748748352648,0.9543127296717369,0.03261878713965416,,85.07690238952637
selective,3,12,1,0.9890437645994488,0.9679706829510024,0.03198642283678055,0.015874670818448067,162.76841950416565
selective,3,12,2,0.9928030123094544,0.9723152948455368,0.031762294471263885,0.005222715437412262,153.54454493522644
selective,3,16,0,0.9904279208747188,0.9658981161466811,0.03261878713965416,,80.95002698898315
selective,3,16,1,0.9965577657172934,0.984675592802474,0.03198642283678055,0.008341326378285885,180.55011701583862
selective,3,16,2,0.9958844511882093,0.9800012534135518,0.031762294471263885,0.006687910296022892,156.65209007263184
selective,3,24,0,0.99939492885922,0.9939337152436725,0.03261878713965416,,132.32832527160645
selective,3,24,1,0.9994589237469533,0.994933643000325,0.03198642283678055,0.005745235830545425,195.69733810424805
selective,3,24,2,0.9993612070339168,0.9943580389144906,0.031762294471263885,0.008181937970221043,220.17913460731506
selective,3,32,0,0.999190165571021,0.9937227151030057,0.03261878713965416,,169.05820846557617
selective,3,32,1,0.9998197785156572,0.9972398555403881,0.03198642283678055,0.007545199245214462,237.4576394557953
selective,3,32,2,0.9998641392215768,0.9977742575524834,0.031762294471263885,0.009024540893733501,230.8017919063568
selective,3,48,0,0.9999321510049297,0.9986182737137583,0.03261878713965416,,193.74004316329956
selective,3,48,1,0.9999423066105169,0.9985816282991555,0.03198642283678055,0.010255412198603153,275.28743600845337
selective,3,48,2,0.9999606037286386,0.9988696609916368,0.031762294471263885,0.012680262327194214,278.35584831237793
selective,3,64,0,0.9999677344666408,0.9991491432653137,0.03261878713965416,,248.22478771209717
selective,3,64,1,0.9999746691255142,0.9996030827241755,0.03198642283678055,0.015076344832777977,321.76243901252747
selective,3,64,2,0.9999599266019692,0.9989564665471924,0.031762294471263885,0.01501413807272911,313.7582428455353
selective,4,2,0,0.6034674329031849,0.5712633260817261,0.03382975235581398,,58.846081495285034
selective,4,2,1,0.6157951907332929,0.5777082685996983,0.0352376289665699,0.11953727900981903,86.5126736164093
selective,4,2,2,0.6142822038664104,0.575853521718767,0.03481445461511612,0.0977763906121254,92.67185282707214
selective,4,4,0,0.6967678260365425,0.6394587082404146,0.03382975235581398,,64.42813634872437
selective,4,4,1,0.6673651503005427,0.6151050852146267,0.0352376289665699,0.03693433105945587,90.82296800613403
selective,4,4,2,0.6597019765226712,0.6117938960843334,0.03481445461511612,0.04764685779809952,95.14105892181396
selective,4,8,0,0.773700220734234,0.7043410527033196,0.03382975235581398,,65.66815137863159
selective,4,8,1,0.8075808942348995,0.7297318639488117,0.0352376289665699,0.010389748960733414,103.395672082901
selective,4,8,2,0.7936850233220762,0.7197766674606287,0.03481445461511612,0.01078860741108656,104.57461929321289
selective,4,12,0,0.977177623416228,0.9441800323059818,0.03382975235581398,,70.49868059158325
selective,4,12,1,0.9777044776032174,0.9464539377368764,0.0352376289665699,0.007116243243217468,127.26618885993958
selective,4,12,2,0.9868299213971173,0.9651878583723852,0.03481445461511612,0.0034630915615707636,173.13782477378845
selective,4,16,0,0.9826811159784283,0.9506576379476609,0.03382975235581398,,75.71030926704407
selective,4,16,1,0.9953825721307212,0.982065362545695,0.0352376289665699,0.010313674807548523,171.8382863998413
selective,4,16,2,0.9898520033597898,0.9674471264849807,0.03481445461511612,0.009356103837490082,135.34106183052063
selective,4,24,0,0.9975416301229852,0.98568754711186,0.03382975235581398,,122.42548489570618
selective,4,24,1,0.9988473695335185,0.9920633170439968,0.0352376289665699,0.0037401150912046432,188.3047125339508
selective,4,24,2,0.9983778508323858,0.9905441698735571,0.03481445461511612,0.006444641854614019,206.93512058258057
selective,4,32,0,0.9985739836579554,0.9902463867195705,0.03382975235581398,,158.16995692253113
selective,4,32,1,0.9994819133817695,0.994115130576062,0.0352376289665699,0.006147952284663916,224.12778639793396
selective,4,32,2,0.9995529932439743,0.9951562337510633,0.03481445461511612,0.006366405636072159,230.41047406196594
selective,4,48,0,0.9998115480006301,0.9970986310537728,0.03382975235581398,,201.97369122505188
selective,4,48,1,0.9999049601468086,0.9976353805558504,0.0352376289665699,0.007044462952762842,240.7527196407318
selective,4,48,2,0.9998707889881117,0.9972889752337499,0.03481445461511612,0.007636490743607283,260.1135993003845
selective,4,64,0,0.9998986488220405,0.9981375170996933,0.03382975235581398,,214.44627404212952
selective,4,64,1,0.9999535164609314,0.9988791332527471,0.0352376289665699,0.00961142498999834,286.8629801273346
selective,4,64,2,0.9998900566226427,0.9982761892267449,0.03481445461511612,0.011108532547950745,296.1150891780853
selective,5,2,0,0.5802098908971299,0.5550602589858487,0.040485963225364685,,55.49562120437622
selective,5,2,1,0.5959599108275386,0.5658075873329547,0.040808726102113724,0.08610578626394272,91.42653584480286
selective,5,2,2,0.5895241113321017,0.5568119480551696,0.041950806975364685,0.14871717989444733,79.76248526573181
selective,5,4,0,0.6747448633805712,0.6247386819048565,0.040485963225364685,,57.27607989311218
selective,5,4,1,0.6327370954257318,0.5911503564331737,0.040808726102113724,0.08946781605482101,92.19226050376892
selective,5,4,2,0.6655261747651933,0.6186518906415226,0.041950806975364685,0.03117106296122074,91.5928566455841
selective,5,8,0,0.744194079789487,0.6773166993218784,0.040485963225364685,,63.78504276275635
selective,5,8,1,0.8078339192521056,0.7312246400347224,0.040808726102113724,0.009599960409104824,92.22101950645447
selective,5,8,2,0.7543327578070724,0.6881330547235927,0.041950806975364685,0.008695246651768684,102.55498123168945
selective,5,12,0,0.843439927410504,0.7637975016259433,0.040485963225364685,,66.29425001144409
selective,5,12,1,0.9759973385211584,0.9457976639693674,0.040808726102113724,0.016240624710917473,112.621164560318
selective,5,12,2,0.8968793267900852,0.8215198678202281,0.041950806975364685,0.006059571634978056,105.9317147731781
selective,5,16,0,0.900997543136686,0.8218968886125582,0.040485963225364685,,73.62045788764954
selective,5,16,1,0.9863268487741859,0.9609032478856795,0.040808726102113724,0.007605326361954212,136.51411533355713
selective,5,16,2,0.9312101927174844,0.8629884929609051,0.041950806975364685,0.006435601972043514,109.130526304245
selective,5,24,0,0.9923753489377806,0.9720428814577027,0.040485963225364685,,124.41062593460083
selective,5,24,1,0.9965222733754632,0.9835911863471911,0.040808726102113724,0.004561185836791992,171.85761046409607
selective,5,24,2,0.9979063625457708,0.9880975605074256,0.041950806975364685,0.0060247816145420074,178.57955598831177
selective,5,32,0,0.9961720215477851,0.9815012163366988,0.040485963225364685,,142.69264101982117
selective,5,32,1,0.9987152372020603,0.9907546078751807,0.040808726102113724,0.003905084216967225,203.99733877182007
selective,5,32,2,0.9990719707847535,0.9923742402613941,0.041950806975364685,0.004883508197963238,203.3389220237732
selective,5,48,0,0.99960122605498,0.9957107152584492,0.040485963225364685,,182.82935547828674
selective,5,48,1,0.9997139374280944,0.996606880265128,0.040808726102113724,0.00571585213765502,240.64899969100952
selective,5,48,2,0.9997933802776455,0.9972680721394224,0.041950806975364685,0.005029598716646433,239.12401151657104
selective,5,64,0,0.9997835443262939,0.9972020024455088,0.040485963225364685,,211.3349289894104
selective,5,64,1,0.9999258645329043,0.9978471432353828,0.040808726102113724,0.010056368075311184,280.2850182056427
selective,5,64,2,0.999844397429925,0.9974861369362569,0.041950806975364685,0.0076040588319301605,277.46375703811646
selective,6,2,0,0.5770716119786482,0.5557975968648093,0.04317079856991768,,57.80381536483765
selective,6,2,1,0.5824646553039664,0.5551869671073523,0.04093143716454506,0.08957082033157349,86.70903515815735
selective,6,2,2,0.5773781897620409,0.5520558992362055,0.04166385903954506,0.17831267416477203,86.47774124145508
selective,6,4,0,0.6642502698154664,0.616335693759981,0.04317079856991768,,62.47602844238281
selective,6,4,1,0.6232825802546881,0.585873592481829,0.04093143716454506,0.06610438972711563,96.80329942703247
selective,6,4,2,0.6436058407608087,0.6017812042565356,0.04166385903954506,0.038303084671497345,92.419837474823
selective,6,8,0,0.7173755824291534,0.6571903701093493,0.04317079856991768,,67.0041971206665
selective,6,8,1,0.7694321345720601,0.7009823492285177,0.04093143716454506,0.011426444165408611,101.79181122779846
selective,6,8,2,0.7352563468501392,0.6710721108280258,0.04166385903954506,0.015749650076031685,97.21059083938599
selective,6,12,0,0.8369316209616077,0.7587839436010044,0.04317079856991768,,70.16325545310974
selective,6,12,1,0.9663790977352269,0.9292671443322509,0.04093143716454506,0.016705812886357307,109.96598100662231
selective,6,12,2,0.8830912253197132,0.8073398588739504,0.04166385903954506,0.00918375700712204,107.4739682674408
selective,6,16,0,0.8830456605678881,0.803133599793207,0.04317079856991768,,73.37059903144836
selective,6,16,1,0.9752178435596501,0.9420304958560235,0.04093143716454506,0.0087093161419034,120.19499254226685
selective,6,16,2,0.8979623095087617,0.8204421986592936,0.04166385903954506,0.0054342420771718025,114.62174081802368
selective,6,24,0,0.9839137249501383,0.9498483573115009,0.04317079856991768,,107.26603269577026
selective,6,24,1,0.9933092287822615,0.9743159765558993,0.04093143716454506,0.004652608651667833,168.07273197174072
selective,6,24,2,0.9952748766100481,0.981495025781618,0.04166385903954506,0.005732160527259111,181.38800358772278
selective,6,32,0,0.9931640222865901,0.9728528950758931,0.04317079856991768,,133.3625590801239
selective,6,32,1,0.9979392414611249,0.9882254535136228,0.04093143716454506,0.005086391698569059,178.90694332122803
selective,6,32,2,0.9964941955537292,0.9821888706897587,0.04166385903954506,0.004300779663026333,192.18933725357056
selective,6,48,0,0.9990219463867596,0.9920998369110523,0.04317079856991768,,166.6849970817566
selective,6,48,1,0.9992623555006795,0.993121122420891,0.04093143716454506,0.005484187975525856,215.08646321296692
selective,6,48,2,0.9994679973885341,0.9941625043666952,0.04166385903954506,0.008143755607306957,253.15377926826477
selective,6,64,0,0.9994342395730742,0.9940736543377411,0.04317079856991768,,185.87162590026855
selective,6,64,1,0.9997602370572731,0.9967238602442565,0.04093143716454506,0.013256959617137909,271.1584858894348
selective,6,64,2,0.9997405698710143,0.9962576846668185,0.04166385903954506,0.006165719591081142,276.2927167415619
selective,8,2,0,0.5475463895375767,0.5290445013168074,0.0420968197286129,,59.39588117599487
selective,8,2,1,0.5714922700423819,0.5484418587237564,0.0423409603536129,0.08723555505275726,94.3392322063446
selective,8,2,2,0.5469533182792606,0.5325979444323189,0.0414515919983387,0.15022128820419312,93.8280098438263
selective,8,4,0,0.6295454797406536,0.5909439912302334,0.0420968197286129,,62.973087549209595
selective,8,4,1,0.6043652801228967,0.5715299736497366,0.0423409603536129,0.05716048926115036,95.56575226783752
selective,8,4,2,0.6203141435861632,0.5872175387689492,0.0414515919983387,0.05370847135782242,79.70706248283386
selective,8,8,0,0.6763695878809982,0.6265508892767191,0.0420968197286129,,66.32360792160034
selective,8,8,1,0.68385396610825,0.6312401204511475,0.0423409603536129,0.02166946977376938,97.74441933631897
selective,8,8,2,0.6880192692813837,0.6327309695183385,0.0414515919983387,0.021479099988937378,106.79115343093872
selective,8,12,0,0.7342749814443358,0.6686299547318716,0.0420968197286129,,71.63626599311829
selective,8,12,1,0.732162145678714,0.6674262012025436,0.0423409603536129,0.021299423649907112,113.48267006874084
selective,8,12,2,0.8354176272160971,0.7569681308536528,0.0414515919983387,0.006534054409712553,116.22332429885864
selective,8,16,0,0.8448588988983644,0.7685721912244716,0.0420968197286129,,74.59667134284973
selective,8,16,1,0.9583083150927048,0.9135139658556551,0.0423409603536129,0.006503145210444927,145.39317512512207
selective,8,16,2,0.8563525980352812,0.7771489699954519,0.0414515919983387,0.01005273126065731,116.21831703186035
selective,8,24,0,0.9632779483898389,0.9104646480094949,0.0420968197286129,,85.98168587684631
selective,8,24,1,0.9782214484113103,0.9412146968687718,0.0423409603536129,0.005866389721632004,136.7590048313141
selective,8,24,2,0.9775955067054842,0.9435168138019003,0.0414515919983387,0.0042687696404755116,149.1757709980011
selective,8,32,0,0.9842329342564635,0.9535589771481396,0.0420968197286129,,95.05658841133118
selective,8,32,1,0.9960471492300417,0.9814556150636773,0.0423409603536129,0.004039843566715717,167.6352984905243
selective,8,32,2,0.9949474637549578,0.9778236927240676,0.0414515919983387,0.0036446864251047373,152.13366985321045
selective,8,48,0,0.9952907884871474,0.9775078992605034,0.0420968197286129,,152.65204739570618
selective,8,48,1,0.994023570430106,0.9711554972740755,0.0423409603536129,0.004794945474714041,175.9017562866211
selective,8,48,2,0.9970881503928173,0.9827442780733265,0.0414515919983387,0.008084789849817753,197.21096992492676
selective,8,64,0,0.9987550981885358,0.9905694692242941,0.0420968197286129,,164.95005989074707
selective,8,64,1,0.9984321625461705,0.9882818185821737,0.0423409603536129,0.007187638431787491,227.64184522628784
selective,8,64,2,0.998958085219434,0.9911253957790209,0.0414515919983387,0.0041979411616921425,244.46959567070007
selective,10,2,0,0.5599621787497008,0.5373268323885483,0.04213686287403107,,58.052651166915894
selective,10,2,1,0.5698925964541628,0.5471258532901098,0.0409613698720932,0.07474233955144882,89.57555294036865
selective,10,2,2,0.5362324280661058,0.5257625314502127,0.04189272224903107,0.0938153862953186,89.87052750587463
selective,10,4,0,0.6163728666977066,0.5737684139100327,0.04213686287403107,,62.20375990867615
selective,10,4,1,0.5904791328892014,0.5626949425183145,0.0409613698720932,0.07783447951078415,91.7408926486969
selective,10,4,2,0.6060473744892595,0.571743614135541,0.04189272224903107,0.034741126000881195,99.12207293510437
selective,10,8,0,0.6470014329380303,0.601629967009365,0.04213686287403107,,63.764241456985474
selective,10,8,1,0.6749600498155042,0.6238882955002828,0.0409613698720932,0.022533554583787918,95.71290183067322
selective,10,8,2,0.6724045002260882,0.6231703062712273,0.04189272224903107,0.016349663957953453,96.18518853187561
selective,10,12,0,0.7151606204903656,0.6549748166246092,0.04213686287403107,,69.67015027999878
selective,10,12,1,0.7182593416662494,0.6597288403471617,0.0409613698720932,0.018167942762374878,111.70314812660217
selective,10,12,2,0.7884590716436147,0.7164747983852056,0.04189272224903107,0.04947081208229065,108.02648544311523
selective,10,16,0,0.7757966362419879,0.7013568749828825,0.04213686287403107,,73.88300895690918
selective,10,16,1,0.9527485693631735,0.9036364210812095,0.0409613698720932,0.011142493225634098,115.23314237594604
selective,10,16,2,0.8248225945255283,0.7476308022304633,0.04189272224903107,0.010468747466802597,122.31786441802979
selective,10,24,0,0.8573450937592324,0.7743731908995308,0.04213686287403107,,82.66613698005676
selective,10,24,1,0.9629965217145888,0.9135298221794799,0.0409613698720932,0.004316519945859909,144.51575565338135
selective,10,24,2,0.9601642402899947,0.9102734661426318,0.04189272224903107,0.004778752103447914,138.03883409500122
selective,10,32,0,0.9688472716889076,0.9209696511115155,0.04213686287403107,,96.76223492622375
selective,10,32,1,0.9917932212001619,0.969561031464665,0.0409613698720932,0.0038678699638694525,142.36705446243286
selective,10,32,2,0.971426347386805,0.9243486132953938,0.04189272224903107,0.004089672118425369,143.26878952980042
selective,10,48,0,0.9858942711487603,0.9500311763688716,0.04213686287403107,,125.10510778427124
selective,10,48,1,0.9892424244505578,0.9581234629601254,0.0409613698720932,0.00421563908457756,171.92418503761292
selective,10,48,2,0.9942449751694536,0.9746585861119526,0.04189272224903107,0.009705512784421444,169.05193495750427
selective,10,64,0,0.9948960495995569,0.9749857954062036,0.04213686287403107,,142.59917902946472
selective,10,64,1,0.9955514211917283,0.9744759000764391,0.0409613698720932,0.009466706775128841,196.75172233581543
selective,10,64,2,0.9979137477858455,0.9865447489802505,0.04189272224903107,0.004887796007096767,221.95114016532898
selective,12,2,0,0.5443900047272537,0.5339131643664604,0.042799729853868484,,56.57345652580261
selective,12,2,1,0.5537195811923723,0.5360708682711227,0.042161207646131516,0.09964592009782791,75.48835730552673
selective,12,2,2,0.5410666725134686,0.5265767876199572,0.04095928370952606,0.15747150778770447,91.01684808731079
selective,12,4,0,0.5780646799987716,0.5546536705742319,0.042799729853868484,,60.60801434516907
selective,12,4,1,0.5863364908837407,0.5571573675280991,0.042161207646131516,0.04297812655568123,101.06465530395508
selective,12,4,2,0.5794244337977941,0.5546518631244636,0.04095928370952606,0.05141822248697281,90.54723286628723
selective,12,8,0,0.6586732300461118,0.6103981279830668,0.042799729853868484,,63.374754667282104
selective,12,8,1,0.6382920333041242,0.5971183951928764,0.042161207646131516,0.026061687618494034,101.51503658294678
selective,12,8,2,0.6449302804336118,0.6012999958240977,0.04095928370952606,0.02568228915333748,99.36034297943115
selective,12,12,0,0.6941134585321377,0.6358414450115601,0.042799729853868484,,70.68569111824036
selective,12,12,1,0.6961679860134871,0.639995649410902,0.042161207646131516,0.018390389159321785,107.42256498336792
selective,12,12,2,0.7103584832099323,0.6495366346628784,0.04095928370952606,0.022403135895729065,108.19009518623352
selective,12,16,0,0.7724432012641088,0.6998869435569036,0.042799729853868484,,72.85191702842712
selective,12,16,1,0.8118736257577233,0.7356083665457122,0.042161207646131516,0.016242586076259613,113.30113959312439
selective,12,16,2,0.7940713513825869,0.7182641863261565,0.04095928370952606,0.01377363596111536,118.24096655845642
selective,12,24,0,0.8369659750076859,0.7568595218780266,0.042799729853868484,,82.2341902256012
selective,12,24,1,0.8317823524682836,0.7517215656164511,0.042161207646131516,0.008953085169196129,126.72698664665222
selective,12,24,2,0.9378811571427946,0.8773363425867503,0.04095928370952606,0.005979015026241541,126.2723000049591
selective,12,32,0,0.9540422324004927,0.897465604948197,0.042799729853868484,,98.0376365184784
selective,12,32,1,0.9703428751538131,0.9262146726422966,0.042161207646131516,0.00374436704441905,161.2152910232544
selective,12,32,2,0.9538310635360526,0.8964137380738866,0.04095928370952606,0.015771735459566116,139.35753750801086
selective,12,48,0,0.9619710811838229,0.904837111108783,0.042799729853868484,,112.19366407394409
selective,12,48,1,0.9784783413980583,0.9328226423817945,0.042161207646131516,0.004903121385723352,179.67714405059814
selective,12,48,2,0.9777829495458256,0.935658627197306,0.04095928370952606,0.004096028860658407,170.70163488388062
selective,12,64,0,0.9843445629664629,0.9480708386605798,0.042799729853868484,,132.55653738975525
selective,12,64,1,0.9909263143479878,0.9632441508419065,0.042161207646131516,0.010988340713083744,211.099764585495
selective,12,64,2,0.9908406014100184,0.9615245462382954,0.04095928370952606,0.012633927166461945,208.07847261428833
selective,14,2,0,0.5402551819993696,0.529681455174711,0.04135742038488388,,56.47621536254883
selective,14,2,1,0.5447657906947152,0.533047046830196,0.03970703110098839,0.08374666422605515,88.94709277153015
selective,14,2,2,0.5450046973323103,0.5319045198514879,0.041777342557907104,0.05824246630072594,98.51457071304321
selective,14,4,0,0.5851474606250193,0.5542243377307717,0.04135742038488388,,61.61559581756592
selective,14,4,1,0.5763775083145909,0.5573733861118861,0.03970703110098839,0.07369402796030045,89.97258973121643
selective,14,4,2,0.5737235369057453,0.5527802381172844,0.041777342557907104,0.05309443548321724,101.77579402923584
selective,14,8,0,0.6387960058814789,0.5979050884798629,0.04135742038488388,,63.84814667701721
selective,14,8,1,0.6200367552845056,0.5844781587064398,0.03970703110098839,0.03636559098958969,102.47216320037842
selective,14,8,2,0.6449744075933979,0.6014120141188404,0.041777342557907104,0.028211163356900215,106.06584000587463
selective,14,12,0,0.6718898132562511,0.6240162892260706,0.04135742038488388,,66.90597820281982
selective,14,12,1,0.6664558524856875,0.6198680869323261,0.03970703110098839,0.021323764696717262,105.64110612869263
selective,14,12,2,0.6962125171687356,0.6413945647745254,0.041777342557907104,0.016146739944815636,108.88520455360413
selective,14,16,0,0.7535165421253316,0.681340556712727,0.04135742038488388,,72.74566411972046
selective,14,16,1,0.707540224668306,0.653397501039227,0.03970703110098839,0.017600882798433304,120.13843774795532
selective,14,16,2,0.7433912071126804,0.6774205864775358,0.041777342557907104,0.010740239173173904,117.47448253631592
selective,14,24,0,0.813290030260715,0.7364706352116233,0.04135742038488388,,81.10257124900818
selective,14,24,1,0.7951730378024099,0.7196411572428734,0.03970703110098839,0.012239605188369751,127.28225708007812
selective,14,24,2,0.8061759664164825,0.7308826998712301,0.041777342557907104,0.009149713441729546,130.23599123954773
selective,14,32,0,0.9006546804464041,0.8222939042408117,0.04135742038488388,,91.65624833106995
selective,14,32,1,0.9494656556189721,0.8914391529732365,0.03970703110098839,0.00570340733975172,142.03220224380493
selective,14,32,2,0.905553711035462,0.8315431379616824,0.041777342557907104,0.0054688481613993645,138.55140829086304
selective,14,48,0,0.9569542522044571,0.895734586810836,0.04135742038488388,,110.22305154800415
selective,14,48,1,0.9513598168707589,0.8873065207328015,0.03970703110098839,0.008582989685237408,167.53529572486877
selective,14,48,2,0.943165735733532,0.8759371473123606,0.041777342557907104,0.014384965412318707,172.7027826309204
selective,14,64,0,0.9685937640472445,0.9198291422093647,0.04135742038488388,,133.501056432724
selective,14,64,1,0.9637254195477071,0.9056424323373993,0.03970703110098839,0.022317780181765556,196.73275709152222
selective,14,64,2,0.9795468267604652,0.9339978475050843,0.041777342557907104,0.004142480902373791,201.74928903579712
selective,16,2,0,0.5313444314285592,0.5193585566929004,0.042327880859375,,59.32339096069336
selective,16,2,1,0.5477855462084246,0.5337423395486676,0.0399882011115551,0.0770062580704689,90.31011319160461
selective,16,2,2,0.5348456841185959,0.5257069493687692,0.0412190742790699,0.1011427715420723,79.67627573013306
selective,16,4,0,0.5830583837031651,0.5569937321187458,0.042327880859375,,62.09711813926697
selective,16,4,1,0.5625313926741164,0.5427229534310832,0.0399882011115551,0.09596869349479675,89.41383981704712
selective,16,4,2,0.5769473565626233,0.5549951383196143,0.0412190742790699,0.04988684877753258,98.2349042892456
selective,16,8,0,0.6205893761412721,0.58550160323454,0.042327880859375,,61.60702633857727
selective,16,8,1,0.6218766387580031,0.58609131586065,0.0399882011115551,0.03297235444188118,106.67777037620544
selective,16,8,2,0.6447578217459827,0.6026839988606294,0.0412190742790699,0.02916095219552517,105.00650763511658
selective,16,12,0,0.6640440322952532,0.6187529178811957,0.042327880859375,,68.77883982658386
selective,16,12,1,0.6501546606537394,0.6066766050570189,0.0399882011115551,0.02243601344525814,102.98967051506042
selective,16,12,2,0.6726211297649506,0.6200130070740603,0.0412190742790699,0.027405476197600365,105.88739824295044
selective,16,16,0,0.7301651631770976,0.6666376606463493,0.042327880859375,,72.0818784236908
selective,16,16,1,0.6901803587324536,0.634744489088898,0.0399882011115551,0.022203141823410988,110.89675807952881
selective,16,16,2,0.7124430162837909,0.6519987960276538,0.0412190742790699,0.012996094301342964,111.70805144309998
selective,16,24,0,0.7826809835328439,0.706602163097831,0.042327880859375,,82.476731300354
selective,16,24,1,0.7800779013410748,0.7077316752023544,0.0399882011115551,0.010300962254405022,124.74330425262451
selective,16,24,2,0.7572749876106646,0.687061955977881,0.0412190742790699,0.012585594318807125,125.41532158851624
selective,16,32,0,0.8536521584207458,0.7736844150043996,0.042327880859375,,91.4638991355896
selective,16,32,1,0.9085969729877517,0.8324481348486186,0.0399882011115551,0.006288382224738598,137.3008382320404
selective,16,32,2,0.8160990134448327,0.7358512825606797,0.0412190742790699,0.016750581562519073,139.8279058933258
selective,16,48,0,0.9143048203502654,0.8395404455390583,0.042327880859375,,108.71963572502136
selective,16,48,1,0.9340645326999512,0.8630093253775066,0.0399882011115551,0.011351835913956165,159.64411449432373
selective,16,48,2,0.9340202871937822,0.8644703845551689,0.0412190742790699,0.012138236314058304,161.69816422462463
selective,16,64,0,0.9501234607270853,0.8862394221936423,0.042327880859375,,131.49230098724365
selective,16,64,1,0.9247651808365881,0.8472117437147862,0.0399882011115551,0.026344573125243187,190.70515966415405
selective,16,64,2,0.9562989155660453,0.8925963388398304,0.0412190742790699,0.015131035819649696,191.28027367591858
frozen,4,4,0,0.9572699563655622,0.9116572832165117,0.03382975235581398,,125.71144604682922
frozen,4,4,1,0.9563701013887008,0.9105326486422252,0.0352376289665699,,125.9951605796814
frozen,4,4,2,0.9551833736806588,0.9114981138491571,0.03481445461511612,,130.51504468917847
frozen,4,6,0,0.9765745413568943,0.9517495793698165,0.03382975235581398,,112.1528263092041
frozen,4,6,1,0.974087792932889,0.9474199697460558,0.0352376289665699,,139.60908913612366
frozen,4,6,2,0.9703973588550969,0.9383373808373867,0.03481445461511612,,133.97511386871338
frozen,4,8,0,0.96540626561938,0.9311618321367934,0.03382975235581398,,88.58515167236328
frozen,4,8,1,0.9700176828751572,0.9340096995742435,0.0352376289665699,,127.21601486206055
frozen,4,8,2,0.9613186075312059,0.9224770587631081,0.03481445461511612,,88.1743414402008
shift,4,2,0,0.5010287904392796,0.5023393308720261,0.03382975235581398,,65.85103034973145
shift,4,2,1,0.5003881232327109,0.5003371473822935,0.0352376289665699,,78.04500412940979
shift,4,2,2,0.4973733046403252,0.496360935899016,0.03481445461511612,,68.89539361000061
shift,4,3,0,0.503428223856612,0.5016282536820633,0.03382975235581398,,76.60625123977661
shift,4,3,1,0.5014459573581079,0.5049114249062234,0.0352376289665699,,66.1629889011383
shift,4,3,2,0.5015187827231977,0.5013835210118402,0.03481445461511612,,78.01639771461487
shift,4,4,0,0.5098714983570725,0.5038393060174834,0.03382975235581398,,67.04417729377747
shift,4,4,1,0.5078126573696992,0.49966270651044226,0.0352376289665699,,64.85388326644897
shift,4,4,2,0.5174645655074701,0.5141855870068155,0.03481445461511612,,72.07668161392212
shift,4,5,0,0.9995316793460023,0.9974015144496011,0.03382975235581398,,101.9725832939148
shift,4,5,1,0.9996236354799088,0.9975031632222691,0.0352376289665699,,87.15599489212036
shift,4,5,2,0.9994757078764552,0.9974199423281227,0.03481445461511612,,93.98527526855469
shift,4,6,0,0.9994640706943634,0.997157248384896,0.03382975235581398,,104.23817658424377
shift,4,6,1,0.9995385445573584,0.9972627583298186,0.0352376289665699,,106.5717260837555
shift,4,6,2,0.9994966724661143,0.9973862160840459,0.03481445461511612,,92.92574143409729
shift,4,8,0,0.9994028446139075,0.9970014234815494,0.03382975235581398,,93.23020935058594
shift,4,8,1,0.9995152433708699,0.9970181358076761,0.0352376289665699,,104.52673316001892
shift,4,8,2,0.9995376832004966,0.9969182644474799,0.03481445461511612,,107.46595525741577
shift,4,12,0,0.9994022833528861,0.9966097554812463,0.03382975235581398,,98.69339227676392
shift,4,12,1,0.9993797123245374,0.9965963728384648,0.0352376289665699,,99.87916922569275
shift,4,12,2,0.9992556713324379,0.9964756074939715,0.03481445461511612,,115.89591312408447
shift,4,16,0,0.9992560475029121,0.9964539305778999,0.03382975235581398,,99.18448448181152
shift,4,16,1,0.9991876552998462,0.9959763812737241,0.0352376289665699,,113.31598663330078
shift,4,16,2,0.9992315375164771,0.9961973659803376,0.03481445461511612,,105.75692129135132
shift,4,24,0,0.9992661583061512,0.9961886070938235,0.03382975235581398,,113.38128757476807
shift,4,24,1,0.9992294400292994,0.9958709405314213,0.0352376289665699,,106.09176015853882
shift,4,24,2,0.9992218761064453,0.9963364867371545,0.03481445461511612,,114.76536822319031
shift,4,32,0,0.9990929069572622,0.9955653074804376,0.03382975235581398,,129.6309380531311
shift,4,32,1,0.9992620102606261,0.9957317587515816,0.0352376289665699,,126.62110662460327
shift,4,32,2,0.9991527148376924,0.995607156708993,0.03481445461511612,,117.44646883010864
frozen,8,8,0,0.9671947338715796,0.9175632510217493,0.0420968197286129,,111.300372838974
frozen,8,8,1,0.9665995444082759,0.919593214582151,0.0423409603536129,,111.116037607193
frozen,8,8,2,0.9646370011167982,0.9166154414031369,0.0414515919983387,,110.97084593772888
frozen,8,12,0,0.9331454595899791,0.8788161320327702,0.0420968197286129,,88.35910487174988
frozen,8,12,1,0.9477319591773111,0.902661671808362,0.0423409603536129,,87.06481838226318
frozen,8,12,2,0.9590516711066912,0.9153903498254534,0.0414515919983387,,96.79613304138184
frozen,8,16,0,0.9844066112764441,0.9634473852463579,0.0420968197286129,,161.1741111278534
frozen,8,16,1,0.9830317660982423,0.9613071852857076,0.0423409603536129,,152.98362469673157
frozen,8,16,2,0.9818155416904865,0.9576769907892646,0.0414515919983387,,171.44442749023438
shift,8,2,0,0.5058364502022684,0.5053947247162955,0.0420968197286129,,75.02725148200989
shift,8,2,1,0.5011872558274714,0.5021135544680311,0.0423409603536129,,78.58486247062683
shift,8,2,2,0.4999648199827458,0.49583017489386044,0.0414515919983387,,65.86633491516113
shift,8,4,0,0.4997187257684745,0.49991699158875247,0.0420968197286129,,77.45955777168274
shift,8,4,1,0.499840487622672,0.4963028452740702,0.0423409603536129,,68.42126846313477
shift,8,4,2,0.5009935073370484,0.5013005049367633,0.0414515919983387,,78.60213589668274
shift,8,7,0,0.5317210908332379,0.5230423302927836,0.0420968197286129,,70.90766453742981
shift,8,7,1,0.5336688976262444,0.5202747872053325,0.0423409603536129,,82.52984666824341
shift,8,7,2,0.5213177051448293,0.514495697839402,0.0414515919983387,,74.13250589370728
shift,8,8,0,0.6080506941047663,0.6019845284749695,0.0420968197286129,,83.53360033035278
shift,8,8,1,0.5989035125744839,0.594210854367005,0.0423409603536129,,69.24877142906189
shift,8,8,2,0.6139410957547107,0.6008254262229575,0.0414515919983387,,77.63736844062805
shift,8,9,0,0.9993586191870922,0.9969779719643181,0.0420968197286129,,99.56624102592468
shift,8,9,1,0.9994845111203536,0.996822419695535,0.0423409603536129,,92.91383719444275
shift,8,9,2,0.9993591041227406,0.9968435606818636,0.0414515919983387,,109.27938628196716
shift,8,10,0,0.9994415729230439,0.9967822683415255,0.0420968197286129,,105.09072542190552
shift,8,10,1,0.999420571172171,0.9970545924684973,0.0423409603536129,,100.6594672203064
shift,8,10,2,0.9993929485774993,0.9971164516891953,0.0414515919983387,,95.74004745483398
shift,8,12,0,0.9993136987181547,0.9967686146004004,0.0420968197286129,,109.07778406143188
shift,8,12,1,0.9992318750140247,0.9965629324786947,0.0423409603536129,,109.31514835357666
shift,8,12,2,0.9994034627836785,0.9964433205377772,0.0414515919983387,,101.14434695243835
shift,8,16,0,0.9992780937884188,0.9961268887675223,0.0420968197286129,,96.35192608833313
shift,8,16,1,0.9992227383250477,0.9959347002695025,0.0423409603536129,,112.49226641654968
shift,8,16,2,0.9992448235989438,0.9962295559153673,0.0414515919983387,,107.01904153823853
shift,8,24,0,0.9992723905894539,0.9960722738030221,0.0420968197286129,,110.44670295715332
shift,8,24,1,0.9992200683794078,0.9960849297108311,0.0423409603536129,,100.62147784233093
shift,8,24,2,0.9992378874756682,0.9960476285771462,0.0414515919983387,,116.52583527565002
shift,8,32,0,0.9991477271441803,0.9954032404878936,0.0420968197286129,,123.30486965179443
shift,8,32,1,0.9991280696275023,0.995438487872387,0.0423409603536129,,121.0258400440216
shift,8,32,2,0.99903555549783,0.9950379318500191,0.0414515919983387,,115.04542565345764
frozen,12,12,0,0.8481311063894149,0.7771876707340655,0.042799729853868484,,94.12268447875977
frozen,12,12,1,0.9492888950547343,0.8820154057054245,0.042161207646131516,,94.5168673992157
frozen,12,12,2,0.9615784374649923,0.9043676355559073,0.04095928370952606,,89.43803429603577
frozen,12,18,0,0.935072683667832,0.8835790075911115,0.042799729853868484,,98.54150700569153
frozen,12,18,1,0.9221484525976833,0.8641774183596431,0.042161207646131516,,100.55314493179321
frozen,12,18,2,0.9333695036863359,0.8772486764719654,0.04095928370952606,,100.6780333518982
frozen,12,24,0,0.9665026473214999,0.9327822951791043,0.042799729853868484,,116.36097550392151
frozen,12,24,1,0.9560890998725915,0.909160374294765,0.042161207646131516,,106.98570728302002
frozen,12,24,2,0.9758584879820072,0.9456734033909853,0.04095928370952606,,109.35311341285706
shift,12,2,0,0.5012472112315024,0.49786614136765767,0.042799729853868484,,75.26477789878845
shift,12,2,1,0.4971046683266415,0.49848303608674577,0.042161207646131516,,64.86643242835999
shift,12,2,2,0.49430195618172124,0.4973808625894974,0.04095928370952606,,69.13547682762146
shift,12,4,0,0.49705905561624236,0.4962791762600004,0.042799729853868484,,76.58739495277405
shift,12,4,1,0.5034926544999515,0.5021782966869454,0.042161207646131516,,75.82556796073914
shift,12,4,2,0.5117213294611199,0.5067418173751241,0.04095928370952606,,66.60263204574585
shift,12,8,0,0.49932716632659496,0.4985627679924623,0.042799729853868484,,71.09402561187744
shift,12,8,1,0.5090576531438584,0.5068842122785301,0.042161207646131516,,76.10523724555969
shift,12,8,2,0.49830867203101764,0.49978646199053056,0.04095928370952606,,80.49170517921448
shift,12,11,0,0.5357824402138767,0.5233648203218726,0.042799729853868484,,69.18448448181152
shift,12,11,1,0.5350453030253209,0.5258929679100496,0.042161207646131516,,72.08984375
shift,12,11,2,0.5370856666108832,0.5258933932637713,0.04095928370952606,,79.86451697349548
shift,12,12,0,0.614579534191218,0.6005317882827038,0.042799729853868484,,68.07668399810791
shift,12,12,1,0.6099835605111137,0.6012602625628337,0.042161207646131516,,80.74293375015259
shift,12,12,2,0.6145382862138291,0.6045872439320508,0.04095928370952606,,71.71212983131409
shift,12,13,0,0.999152884840798,0.9958945633620435,0.042799729853868484,,94.89458346366882
shift,12,13,1,0.9992859802517403,0.9961472854537968,0.042161207646131516,,107.08292746543884
shift,12,13,2,0.9992984264174816,0.996641666829851,0.04095928370952606,,103.91497325897217
shift,12,14,0,0.9992805812127963,0.9959926622064392,0.042799729853868484,,100.42619442939758
shift,12,14,1,0.9992671552094822,0.995613003156677,0.042161207646131516,,91.58100295066833
shift,12,14,2,0.999299362426542,0.9963185618892827,0.04095928370952606,,102.61554098129272
shift,12,16,0,0.9992356748418373,0.9964733465439777,0.042799729853868484,,97.17724967002869
shift,12,16,1,0.99930268742216,0.9962698272650629,0.042161207646131516,,103.5995180606842
shift,12,16,2,0.9992144616910437,0.9964752188301642,0.04095928370952606,,93.37819314002991
shift,12,24,0,0.999259631363052,0.9962231944907689,0.042799729853868484,,108.84286403656006
shift,12,24,1,0.9991089763836329,0.9957747583475483,0.042161207646131516,,104.40994572639465
shift,12,24,2,0.9992383467567807,0.9958192178902227,0.04095928370952606,,109.70408773422241
shift,12,32,0,0.9990951576094602,0.9953648296023072,0.042799729853868484,,107.37301182746887
shift,12,32,1,0.999047149809564,0.9950100974452483,0.042161207646131516,,113.67001104354858
shift,12,32,2,0.9990139963836561,0.9954079934204085,0.04095928370952606,,116.17599248886108
frozen,16,16,0,0.6216023340195551,0.5808682945097994,0.042327880859375,,92.72577023506165
frozen,16,16,1,0.5415743343736861,0.5264147192649977,0.0399882011115551,,87.18518829345703
frozen,16,16,2,0.7519801360901834,0.6879231347153223,0.0412190742790699,,97.91136407852173
frozen,16,24,0,0.9370389949380902,0.8831643743180091,0.042327880859375,,101.13519239425659
frozen,16,24,1,0.8658366496440809,0.7900604337541267,0.0399882011115551,,101.60015988349915
frozen,16,24,2,0.9538333891092577,0.9044468759246964,0.0412190742790699,,101.41062259674072
frozen,16,32,0,0.9500080237863815,0.8993691092936966,0.042327880859375,,108.81370210647583
frozen,16,32,1,0.9381022488519827,0.8812566343994425,0.0399882011115551,,110.44905519485474
frozen,16,32,2,0.9526420585145308,0.9093942835151685,0.0412190742790699,,110.49977397918701
shift,16,2,0,0.49015707472867026,0.49165263407097615,0.042327880859375,,65.74980568885803
shift,16,2,1,0.4958952304155329,0.4974810910627879,0.0399882011115551,,76.76472878456116
shift,16,2,2,0.49868022522971855,0.5007104727202314,0.0412190742790699,,65.43901681900024
shift,16,4,0,0.4832333957547996,0.4886066649700347,0.042327880859375,,74.69346857070923
shift,16,4,1,0.4972869810057793,0.4985719186360057,0.0399882011115551,,70.53939127922058
shift,16,4,2,0.5070723713357721,0.5045341417155638,0.0412190742790699,,64.95652961730957
shift,16,8,0,0.49179817855875335,0.49538566485026564,0.042327880859375,,75.0889322757721
shift,16,8,1,0.49739734267210867,0.49437275454193097,0.0399882011115551,,69.22123336791992
shift,16,8,2,0.4960238732617382,0.5010171216028408,0.0412190742790699,,76.8667163848877
shift,16,12,0,0.4972868043019626,0.4995800272884044,0.042327880859375,,68.44867897033691
shift,16,12,1,0.49989058312786844,0.5048967295060653,0.0399882011115551,,81.50480890274048
shift,16,12,2,0.49188906740489746,0.49577170069242443,0.0412190742790699,,73.54037356376648
shift,16,15,0,0.5398410165794634,0.5290504426065975,0.042327880859375,,80.46998429298401
shift,16,15,1,0.5337723559703229,0.5227047496594179,0.0399882011115551,,75.33457779884338
shift,16,15,2,0.5314497765939615,0.523529425996611,0.0412190742790699,,87.53704309463501
shift,16,16,0,0.6117961241794433,0.6015169853779254,0.042327880859375,,78.77909779548645
shift,16,16,1,0.6167459884516822,0.6065141638006764,0.0399882011115551,,82.92661452293396
shift,16,16,2,0.6207607504428593,0.6068659625354205,0.0412190742790699,,72.7265043258667
shift,16,17,0,0.9993485369094033,0.9965956045590219,0.042327880859375,,105.63814330101013
shift,16,17,1,0.9990762716128647,0.9957720958324945,0.0399882011115551,,109.53520178794861
shift,16,17,2,0.9992324430160743,0.9963979544200654,0.0412190742790699,,108.5341637134552
shift,16,18,0,0.9993076872427704,0.9962716293298493,0.042327880859375,,98.51378059387207
shift,16,18,1,0.9993125052046232,0.9963707840166149,0.0399882011115551,,102.77272963523865
shift,16,18,2,0.999201550848602,0.9959099011161567,0.0412190742790699,,101.17581844329834
shift,16,24,0,0.9990714474071531,0.9952837704343392,0.042327880859375,,111.88730192184448
shift,16,24,1,0.9992043458117879,0.9959098470960974,0.0399882011115551,,103.09218192100525
shift,16,24,2,0.9990709988416511,0.9955173365021432,0.0412190742790699,,112.85958170890808
shift,16,32,0,0.9990564268198223,0.9952253486717015,0.042327880859375,,123.19644474983215
shift,16,32,1,0.9989282313921913,0.9951098301420958,0.0399882011115551,,120.31141591072083
shift,16,32,2,0.9991373654187621,0.995501421720494,0.0412190742790699,,113.39145541191101
lti_nocmp,8,2,0,0.5490337065280493,0.5318287596882738,0.0420968197286129,,87.46005821228027
lti_nocmp,8,2,1,0.5533391558897861,0.5428317029465279,0.0423409603536129,,87.9018497467041
lti_nocmp,8,2,2,0.5595438189980191,0.5417582939712962,0.0414515919983387,,80.55988025665283
lti_nocmp,8,4,0,0.6204503856757663,0.5825438409146476,0.0420968197286129,,90.98014330863953
lti_nocmp,8,4,1,0.6085380676649423,0.57824439194418,0.0423409603536129,,88.37129616737366
lti_nocmp,8,4,2,0.6115642365110809,0.5782485726568078,0.0414515919983387,,90.08034920692444
lti_nocmp,8,8,0,0.6626813032810758,0.6195479604908016,0.0420968197286129,,91.31783843040466
lti_nocmp,8,8,1,0.6766027349933156,0.627037371019126,0.0423409603536129,,95.79569029808044
lti_nocmp,8,8,2,0.7063484639144676,0.6508080929943976,0.0414515919983387,,94.5001904964447
lti_nocmp,8,12,0,0.7255573561952993,0.6608911643364432,0.0420968197286129,,104.26864099502563
lti_nocmp,8,12,1,0.7296552335944441,0.6667324728268532,0.0423409603536129,,99.81094932556152
lti_nocmp,8,12,2,0.8262317776178385,0.7485677565563318,0.0414515919983387,,103.83740639686584
lti_nocmp,8,16,0,0.8375588174208615,0.7613523523423877,0.0420968197286129,,103.63143849372864
lti_nocmp,8,16,1,0.9700772536021166,0.9337092771791167,0.0423409603536129,,109.52075028419495
lti_nocmp,8,16,2,0.8486138074400077,0.7743620490571774,0.0414515919983387,,101.12909364700317
lti_nocmp,8,24,0,0.9688598247585124,0.9193107338088349,0.0420968197286129,,120.1168155670166
lti_nocmp,8,24,1,0.9845662104819546,0.9502887171217194,0.0423409603536129,,123.62278604507446
lti_nocmp,8,24,2,0.9808837802011914,0.9497108388565476,0.0414515919983387,,129.25042843818665
lti_nocmp,8,32,0,0.9825809748673124,0.9482734295709038,0.0420968197286129,,133.41868209838867
lti_nocmp,8,32,1,0.9900751089457819,0.9640315273181038,0.0423409603536129,,157.50220894813538
lti_nocmp,8,32,2,0.9888502421068658,0.9613178202557745,0.0414515919983387,,154.49093961715698
lti_nocmp,8,48,0,0.9959205385448769,0.9786173741348294,0.0420968197286129,,168.15825295448303
lti_nocmp,8,48,1,0.9965592650533636,0.9790188621759661,0.0423409603536129,,161.31270742416382
lti_nocmp,8,48,2,0.9973513384812163,0.9824617243287419,0.0414515919983387,,159.72456741333008
lti_nocmp,8,64,0,0.9987056773771423,0.9883938864120352,0.0420968197286129,,194.8247013092041
lti_nocmp,8,64,1,0.9988302450662104,0.9894511197752014,0.0423409603536129,,189.45188283920288
lti_nocmp,8,64,2,0.9988713214925552,0.9888592848982041,0.0414515919983387,,193.2381329536438
